,Teks,label
0,promo beli paket flash mulai gb my telkomsel ap dpt extra kuota gb g lte extra nelpon hinga mnthr buru cek s k,2
1,gb hari rp ribu spesial buat yang pilih aktif sekarang di promo sd nov buru aktif sekarang s k,2
2,plg yth sisa kuota flash kb download mytelkomsel aps htp utk cek kuota beli paket flash hub,2
3,plg yth sisa kuota flash kb download mytelkomsel aps htp utk cek kuota beli paket flash hub,2
4,gb hari rp ribu spesial buat yang pilih aktif sekarang di buru skb,2
5,hari ekstra pulsa rb dg beli paket internet bulan mytelkomsel utk beli pertama sjk aug sept cek detail promo,2
6,iring dgn tarif rp hr panjang rp hr hits armada curi hati tekan lalu okcal info,2
7,akhir bulan tetap eks loh internetan pake volume ultima mbhr hrga mulai rp rb tarif lokasi cek,2
8,aktif iring coboy jr hebat tekan info hits baru noah engkau aktif iring nya hp kamu ketik mg noah kirim info berkah iring rp dr yuni shara akhir aktif iring nya tkn lalu okcal raih thr puluhanjt henti unreg,2
9,ambil bonus hari bebas pulsa dptkan gratis nelpon internetan promo lai sesuai hobi,2
10,akan henti berlanganan paket flash ketik flash spasi ya tuju tungu sms konfirmasi nonaktif paket,2
11,akan berlanganan paket rp utk mb g mb ghari tuju balas flash spasi ya kirim utk lanjut paket panjang akhir masa aktif tarif sesuai lokasi tungu sms konfirmasi sblm pakai info zona detail tarif lihat,2
12,akan beli paket gampang internetan rp utk chating puas bm whatsap line harijika tuju balas flash spasi ya kirim utk melanjutkantungu sms konfirmasi sblm pemakaianinfo detail tarif lihat,2
13,akan terima ting ponsel ponsel dapat akses internet kirim fotoms anda tuju balas pesan gratis ketik y,2
14,akan aktif paket bm gratis laku hari pertama kali aktivasi ketik flash spasi untuk lanjut,2
15,dapat kupon program kartu as biber beli internet hadiah cek total kupon maksimal x jam skrg info lengkap hub,2
16,sedang nikmat paket reguler dgn sisa kuota kbdapatkan agam paket internet hemat tri,2
17,tidak daftar layan paket malam hari berlanganan laku isi ulang voucher kenyang download,2
18,tlh tukar poin poin tukar terus poinya siapa tahu menang hadih lg g gb menang yang tukar poin tingi sd november,2
19,angpaopoinsenyum dptkan vchr lotemart rb dg tukar poin normal poin sd feb ketik batas info,2
20,awal bulan sat nya eks lebih lama internetan pake volume ultima mbhr hrga mulai rp rb tarif lokasi cek,2
21,ayam sayapaha bawah nasi perkedel rp gratis teh pucuk tukar sms di cfc hasan sadikin hari lama dian msh promo,2
22,ayo anak medan beli sticker line pulsa cara klik htp nama stickernya dan medan,2
23,ayo download axisnet apleplay store aktif bronetjam gb hr rp bronetjam gb hr obor gb rp info ld,2
24,ayo download axisnet playaple store aktif bronetjam gb hr rp bronetjam gb hr obor gb rp info ld,2
25,ayo dukung lestari alam indonesia sama indosat oredo indonesia dg donasi lalu nomor indosat oredo,2
26,ayo kawal pemanfatan subsidi bm kompensasi yang hak adu ketik bm spasi isi pesan kirim,2
27,banting harga internetan dgn kuota gb rb rupiah paket laku bulan mau ketik ke sd desember,2
28,bebas ekspresi diri sama paket fredom combo indosat oredo segera hub,2
29,bebas pulsa ambil bonus gratis dptkan gratis nelpon internetas promo lai sesuai hobi,2
30,beli gratis lyche tea late flavour yelow truck jlpatuha no tukar sms hanya laku hari s k berlakupromo,2
31,beli gratis beli diskon tiket kampung gajah wonderland bandung sd mei tunjuk sms kpd tugas info,2
32,beli gratis donut dunkin donuts borma setiabudhi tukar sms segera laku hari lama dian ada promo,2
33,beli paket turbo mulai rb utk beli pertama mytelkomsel ap sjk aug sept dpt extra pulsa tsel rp rb loh cek detail paket,2
34,internetan gb cuma rb paket laku hari mau ketik ke tawar laku sd januari,2
35,bonus kuota mb hr cukup isi ulang min hari ayo buru isi pulsa sekarang t,2
36,bonus pulsa rb ayo isi pulsa min rb dapetkan bonus pulsa rb utk nelp nmr tri hari saja ayo buru isi pulsa t,2
37,bonus pulsa indosat oredo mau ketik cal hp kamu april,2
38,bonus pulsa rb cuma dgn isi ulang rb hny indosat yg begini tawar laku sd april bonus x utk guna sama indosat oredo,2
39,bonus pulsa rp rb spesial kamu pelang setia indosat oredohanya isi ulang rprb skrg tawar laku sd jan bonus x,2
40,bonus rp kamu cukup kirim sms x hari untuk dapat bonus khusus hari saja t,2
41,bonus rp kamu cukup telpon teman kamu lama menit hari untuk dapat bonus khusus hari saja a,2
42,bukti hemat pakai argo tetap bandung grabcar hinga hayu aja rencang sareng buktikeun nyalira,2
43,buru download registrasi mycare htpbitlymycareply dapat promo gb g paket fredom m l harga khusus hari,2
44,butuh piknikada nih libur gratis hongkongcarapake pulsa axis hp androidmu buat transaksi banyak items pokemon gobigococ dlinfo ld,2
45,buy get tiket trans studio bandungmulai mei juni tunjuk sms tugas lokasi info,2
46,cuma rp nelpon sms unlimited sama indosat oredo internetan puas hari paket ramadhan unlimited ketik,2
47,dapat bonus pulsa hg rb isi ulang hari mingu isi ulang mulai dr rb ktk gratis krm pandu ketik pan krm cek bonus tekan,2
48,dapat bonus sms kamu dg kirim sms kamu dapat bonus ratus sms semua operator pakai terus indosat oredo raih bebas komunikasi,2
49,dapat disc mcdonalds khusus utk bayar dgn tcash tapdptkan stiker tcash tap grapari dekat info,2
50,dapat disc utk dominos pan pizaroti yg lebih tebal dgn keju asa pingirmulai rpkunjungi toko terdekatelf klik panpizacoid,2
51,dapat extra kuota gb g lte extra nelpon hinga mnthr dg beli paket flash mulai gb my telkomsel ap buru cek s k,2
52,dapat gratis capucino hotice freza transaksi min rprb excelso cafe semarang yogya solo sd agust tunjuk sms kpd tugas,2
53,dapat gratis wendy s crispy chicken sandwich minimal beli rp tukar sms di wendy s dekat dian batas promo,2
54,dapat saldo main besar rp rb dengan bayar rp rb laku hari senin kamis tukar sms segera timezone dekat promo,2
55,dapat voucher cipika rp rb utk belanja kuliner gadget fashion dl tkn pilih cipika gratis batas info,2
56,dear customer kindly values your experience at telkomsel service score betwen very por to excelent send sms to fre for int l charged,2
57,disc domino s piza value range sd agustuskunjungi store terdekathubungi visit htpbitlykoz kodevrd,2
58,diskon ribu khusus pelang baru grab bandung laku x kode promo urangbandung tak usah repot jalan macet susah parkir hayu ngegrab we atuh,2
59,diskon kuota nelpon menit smua operator cuma rprb normal rprb dg masa aktif panjang balas sms dgn ketik tri hari v,2
60,diskon utk kacamata lengkap bonus kacamata hitam tunjuk sms di jl gatot soebroto t s ampk berlakupromo,2
61,domino s pan pizarotinya lebih tebal dgn keju asa pingir nikmat disc mulai rpkunjungi toko terdekatelf klik panpizacoid,2
62,double kuota internet plus unlimited telpon sms paket fredom combo indosat oredo segera hub,2
63,download rasa seru game game premium pilih di,2
64,dptkn fre member card larisa aesthetic center disc high treatment asuransi jiwa tiap isi ulang pulsa rp rb galeri indosat jateng diy sd des,2
65,dptkn sempat raih hadiah utama mobil alphard dg cara tukar poin senyum dg kupon undi sd tgl junketik undi jmlh poin rp,2
66,dukung rehabilitasi kembang potensi anak butuh khusus ypac jakarta bagi lalu sms donasi etik,2
67,flash promo sd agt ayo datang galery smartfren dekat diskon rb dg tukar hp smartfrenmu andromax g lte utk tukar dg mifi g lte,2
68,fre doublescop ice cream disc hagen dasz tcash tap s k laku info,2
69,gratis gb yg blm anti kartu sim jadi sim g tukar skrg gerai indosatoredo dekat nikmat gratis gb jaring g,2
70,gratis nelpon saja semua operator cukup beli internet hari mb harga rp balas sms dgn ketik js utk beli n,2
71,gratis whatsap hari cukup beli internet hari mb harga rp balas sms dgn ketik jr utk beli n,2
72,guna grab nikmat diskon x penguna baru masuk kode cobagrabcar sekarang dan ajak teman teman keliling bandung tanp,2
73,guna grabcar grabtaxi dapat diskon ribu dan stasiunbandara bandung masuk kode promo grabtravel hinga pakai september hatur nuhun,2
74,guna tcash bayar tagih listrik beli token listrik cukup hubung pilih menu bayar beli,2
75,hai apa kabar bonus riah cukup isi pulsa minimun rp ribu sd november kamu langsung dapat mb gratis ayo isi pulsa bonus utk hari rla,2
76,halo bro beli koin games pakai pulsa yuk mudah banget loh sob cek htp,2
77,halo urang mang ado sticker rancak group line urang kampuang mang guy beli pake pulsa telkomsel,2
78,hari fredom combo xl cuma rp rb normal rp rb gb music streaming gak pake kuota unlimited nelp sms daftar,2
79,hari cuma ribu kamu langsung mb hari cukup balas sms dengan ketik buru beli sekrang tlb,2
80,hari fredom combo xl rprb normal rprb double kuota gbgbg promo gbg unlimited nelp sms indosat oredo ketik fredom xl,2
81,hari bronet jam gb hr rp bronetspecial gb hr gb jamgb rp segera aktif paket sekarang info ld,2
82,hari bronet special gb gb jamgb hr rp bronet jam gb hr rp ayo segera aktif paket kamu info ld,2
83,hari rabu sat blanja blanjacom nikmat diskon spesial transaksi tcash s k laku klik bljcotcashrabu,2
84,hari senin sat nonton hemat ribu cema xi dgn tcash tap dptkan stiker tcash tap grapari dekat info,2
85,hari akhir kunjung galeri smartfren skrng buat kamu andromax a g jd rb nrml rb tungu apa lagistok terbatasd agts kinfodlj,2
86,hayu dateng mumpung ustad fatih karimbeliau yg islam ustad felix siaw,2
87,hi ayo coba grab mesan taxi cepat aman klik invitegrabcoad,2
88,hot promo dptkan extra pulsa tsel rb dg beli paket internet pertama kali my telkomsel ap sjk agsts sept cek detail paket,2
89,hot promo internetan kuota gbhr rp ribu aja beli promo sd juni s k,2
90,i m spreading the go jek love download the go jek ap at htpgo jekcomap and input this referal code to get rp fre credit to your first boking gojekgotmehere,2
91,ikut jobfairactive ujiklyakankerjaberstifikat plasatelkomlg feb dptkan platihan intrview rekom kerja ribu ph info,2
92,internetan puas kapan aja buat kamu butuh kuota besar paket sumo gb hari semua jaring beli info d,2
93,isi saldo tcashmu lalu jaring atm sama atm bca laku transfer antar bank pilih bank tcash kode bank guna no hp sbg no rekening tuju,2
94,isi ulang kuota gb hasil kuota tlh tambah nikmat bonus nelpon semua tri rprb cek bonus atau bimatri,2
95,isi ulang rp hasil kode transaksi cek promo rabu rawit jumat baik buat semua pelang axis,2
96,jalan ibadah haji dg nyaman tnpa prlu ganti kartu lokalnikmati gratis menithr trima telp dr indosatoredo internet unlimited rprbharinfo pai,2
97,jangan kejar diskon lari beli rawit diskon datang sendiriayo isi ulang kartu axis kamu sekarangdan pasti besok ikut promo rabu rawitinfold,2
98,jangan lupa kirim sms sd juni utk mendptkan gratis sms sesame indosat lama hr laku x lama periode prog info us,2
99,jangan kalah bro games mu bantu tambah koin beli aja pakai pulsa cek cara htp,2
100,jangan habis hari di baskin robins value scop cuma lho tunjuk sms s k laku promo,2
101,jumat baik promo bronet jam gb hr rp bronet gb hr jam gb gb rp segera aktif paket lalu infold,2
102,kapan lg beli paket flash mulai gb mytelkomsel dpt extra pulsa rp rb utk beli pertama sjk aug sept cek detail paket,2
103,kamu pelang setia kamu tukar hp smartfrenmu dg andromax e g lte hny rbnrml rb segera galeri smartfren,2
104,kartu g lte telah aktif dapat kuota tambah sd gb konten tarik jaring g hub info lokasi,2
105,sempat langka cuma buat kamu loh dapat gb cuma rp balas sms dengan ketik y sd november bonus laku hari tld,2
106,ketik flash spasi info kirim utk status paket kamu lopers dptkan info tren anak muda chalenge beli paket lopcoid folow lop id,2
107,ketik sd maret cuma rprb per bln lgs dptkan gbgbonus gbg utk internetan telp sms puas ke semua nomor,2
108,khusus buat kamu yg doyan internetan cukup rb k bs internetan slm mingu kuota gb buru ketik oke pnwrn sd khusus nomor,2
109,khusus buat kamu paket internet ribu dgn kuota gb lama hr laku jam jaring cepat indosat balas sms ketik ke sd mei,2
110,kocak abis mau liat aksi pemuda galau iseng gokil kepung polisi super cantik tonton aja comic via hp kamu cmn hr ketik film,2
111,koin tingal dikit lanjutin gamesmu beli pakai pulsa aja bro cek htp,2
112,kuota internet habis segera isi kuota di akses aplikasi bimatri gadget info,2
113,lebih hemat langanan paket data minguan cuma rp cara gampang kok cukup ketik kuotaspasik krm sms,2
114,lebih hemat langanan paket internet minguan dgn kuota mb cuma rp cara gampang cukup ketik kuota spasi k,2
115,line lets get rich makin seru tambah koinya pulsa mudah banget cara gogle play,2
116,lopers paketelkomselflash rp utk mb tambah mb g gb laku hari tlh aktif paket otomatis panjang pd akhir masa aktif kamu berlanganan paket,2
117,maf kamu milik bonus kuota dapat bonus kuota hinga gb toko dekat laku jawa timur bal lombok,2
118,main terus games mu sekarang beli koinya pakai pulsa cek cara htp,2
119,main terus gamesmu beli banyak apsin aps gogle play store,2
120,ingat warkop dki dapat nsp nya gratis akses dan dapat promo gratis lai sesuai hobi,2
121,mau bonus keren indosat oredo ketik hp kamu sekarang,2
122,mau bonus pulsa indosat oredo ketik cal hp kamu mei,2
123,mau cepat ga mau ribet cek pulsa sisa kuota internetmu yuk download aplikasi mycare sekarang atau akses mycareindosatoredocom,2
124,mau cepat gift paketextra kuota internet ga mau ribet isi ulang pulsa download aja aplikasi mycare smuanya jadi mudah instal htpbitlymycareply,2
125,mau download file besar putus tingal hari gatis mifimodem g spesial untuk bawa sms ke galeri sf isi pulsa rb sana sd jan dl,2
126,mau ekstra telpon sms internetan s k laku ikut surveu singkat aplikasi musik sd september klik htp,2
127,mau internetan kuota besar harga murah buru cek tawar khusus nomor kamu cuma laku juli,2
128,mau jajan gak usah mana sob jajan online aja utama buat kamu suka nge games cek htp,2
129,mau paket data gb buat bulan cuma ribu buru ketik mau tawar hanya laku sd jul,2
130,mau paket data cuma ribu buru cek tawar hanya laku juli,2
131,mau pergi hati nya aliando hp kamu ambil nsp gratis nya akses dan dapat promo gratis lai sesuai hobi,2
132,merdeka hot sale kuota gb harirprb cuma rprb tawar batas cek sekarang d,2
133,migrasi kartu ke kartuhalo nomor tetap sama dapat paket spesial gb rbulan kunjung grapari tunjuk sms inipromo terbataskb,2
134,murah seru banget main gamesmu pakai pulsa aja beli koin cek cara htp,2
135,murah rprb dptkan gb paket internetan utk hr kini internetan jadi makin seru aktif segera promo sd feb,2
136,naik lebih sering hemat lebih banyak sama grab cukup laku jalan biasa grabcar grabtaxi kamu otomatis dapat diskon jalan ikut nikmat diskon tahap hinga ributrip ayo coba bukti,2
137,nasabah yth rekening btpn wow sudah aktif laku transaksi lalu mengunakan pin rahasia info hub,2
138,nelpon murah rp pangilan mal sin thailand hk china usa dgn tekan kode negarano tuju info,2
139,nikmat combo wendy s fried chicken nasi minum rp periode juni tukar sms di wendy s dekat dian terbataspromo,2
140,nikmat disc utk dominos piza premium big party wekendharga mulai rprberlaku dine intake away sd may kunjung store terdekathubungi,2
141,nikmat discount bakmi gm hari hny dgn tcash tap s k laku info,2
142,nikmat diskon tarif sli semua negara mulai pukul sd wib sd agustus info lengkap ketik,2
143,nikmat diskon tarif indosat hinga negara chn mlahkgsngtwnvtmacau laku feb info hub ok,2
144,nikmat double internetan jaring data kuat gb gb g tlp sms puas dgn pkt fredom combo daftar htpmycareindosatoredocom,2
145,nikmat double kuota promo gbg jaring data kuat unlimited nelp sms jam dgn pkt fredom combo tekan indosatoredocomfredom,2
146,nikmat ekstra pulsa dgn isi ulang min rb aplikasi mytelkomsel mengunakan t cash download di htp promo sd agst,2
147,nikmat ekstra pulsa dgn isi ulang min rb aplikasi mytelkomsel mengunakan kartu kredit visa download di htp promo sd agst,2
148,nikmat extra gb g lte extra kuota hinga gb midnight dg beli pkt flash gbhr mulai rp rb cek tarif skb,2
149,nikmat extra gb g lte extra voucher belanja hinga rb dg beli pkt flash gbhr mulai rp rb cek tarif skb,2
150,nikmat indosat super g utk internetan ckp rbmingu dpt kuota mbmbonus mb jam cepat hgmbpstekan syarat laku hub,2
151,nikmat mudah bayar iur bpjs dgn tcash cukup hubung pilih menu bayar guna ap t walet smartphone android iphone,2
152,nikmat nelpon sms unlimited sama indosat oredo internetan puas hari paket fredom mini ketik,2
153,nikmat nelpon sms unlimited sama indosat oredo internetan puas hari paket ramadhan unlimited ketik,2
154,nomor telah disi nomor sn,2
155,nomor kamu milik paket netmax dapat paket netmax gb gb lalu hape aplikasi bimatri website tricoid,2
156,nomor memang paling untung tes identitas sedia untuk menang pulsa rprb tes kirim sms y sekarang info vd,2
157,pakai handphone xl axiata mu langsung internetan pakai xl,2
158,pakai xl tdk perlu repot ting langsung internetan yuk aktif paket internet myxlcoid sekarang,2
159,paket gb hasil aktif restart hape kamu utk dpt nikmat kuota internetan lama hari cek sisa kuota,2
160,paket sudah non aktif atas permintan pengunan internet akan kena tarif dasar internet sesuai skema tarif kartu hubung aktif paket internet lai info lebih lanjut,2
161,paket bronet jam mb hr aktif nikmat mb laku aktif sd promo axis lai telp info,2
162,paket bronet jam gb hr rp segera aktif temu tawar tarik axis lai telp info,2
163,paket bronet gb hr jam aktif nikmat internet gb laku hinga jam aktif sd promo axis lai telp info,2
164,paket flash mb utk hari akhir pd tarif non paket laku tgl tsb info hubung cek kuota,2
165,paket internet bronet jam gb hr kamu aktif otomatis panjang jam info,2
166,paket internet spesial buat kamu internetan lama semingu dgn kuota gb cuma rprb ayo segera ketik kebut kirim sd juli jgn lupa,2
167,paket super murah pcs c strip ayam sayapnasiteh pucuk rptukarkan sms di cfc yogya subang hari iniselama dian adapromo,2
168,paket super ngebut gb hr rprb sudah aktif nikmat mb g di g panjang mar jam info,2
169,paket tsel flash akhir tgl panjang dg mb utk hari harga dpt ubah sesuai lokasi pasti pulsa cukup utk henti berlanganan ketik flash of info detail tarif lihat,2
170,pelang yth update informasi tarif baru di hubung rp cal,2
171,beli dave s single burger gratis smal fries minum periode september tukar sms di wendy s dekat tawar terbataspromo,2
172,tawar khusus bonus kuota mb hr cukup isi ulang min hari ayo buru isi pulsa sekarang t,2
173,tawar spesial obral paket data gb nelpon puas nmr indosat rprb utk mingudaftar skrg ketik ke laku hari rtx,2
174,plg ythmohon beri nilai puas alam layan telkomsel ketik utk bhs indonesia type for english send to fre for int l charged,2
175,promo panjang gratis mifimodem g untuk tunjuk sms di galeri smartfren isi pulsa rb utk bawa pulang mifi favorit sdnov dlk,2
176,promo poin spesial tukar tselpoin kamu menit sms mb periode promo juli info hub,2
177,promo beli paket flash mulai gb my telkomsel ap dpt extra nelpon hinga mnthr buru promo batas s k,2
178,promo beli paket flash mulai gb my telkomsel ap dpt extra kuota gb g lte extra nelpon hinga mnthr buru cek s k,2
179,promo beli paket flash mulai gb my telkomsel ap dpt extra paket gb midnight buru promo batas s k,2
180,puas internetan chating facebok nonton video lama hari hinga gb cuma rp ribu beli paket,2
181,quota gb harga mulai ribu beli paket puas internetan lama hari,2
182,raih smartphone diskon merchant fre internet voice sms promo tahun ri tukar telkomsel poin mulai ags di mytelkomsel aps,2
183,rawit harga miring internetan makin sering ayo isi ulang kartu axis kamu sekarang pasti besok ikut promo rabu rawit info ld,2
184,rawit kuota bagus harga khusus ayo isi ulang kartu axis kamu sekarang pasti besok ikut promo rabu rawit info ld,2
185,ribet bolak balik cek pulsa cek sisa kuota internetmu download aja aplikasi mycare x klik semua jadi mudah akses mycareindosatoredocom,2
186,rprbln utk bln hrg normal rprb utk bln dst nelpon sms puas im plus kuota gbgb gmau ketik ke sd juni,2
187,rprbln utk bln hrg normal rprb utk bln dst nelpon sms puas im plus kuota gbgb g mau ketik ke sd aug,2
188,sat pindah jaring g cepat tukar kartu di gerai indosatoredo jljend soedirman purwokerto dptkn bns rprb utk nelpsms indosatoredo,2
189,segera aktivasi rekening btpn wow ketik tekan yes cal lalu buat pin rahasia info lengkap hub,2
190,selamat dapat voucher berybenka rprb masuk kode voucher twd sat transaksi mau voucher hub,2
191,anda masalah dgn ckt stres dgn bunga lunas disc sd hub aty wa legal,1
192,lelah byr min payment solusi bantu legal tutup ckta dscn hublolyta wa legal,1
193,dana tunai kta bunga hinga jt syarat ktp c dgn bpkb rate hari cair hub ayu wamhn maf bila mengangu,1
194,roxi cel dengan rprb bisa jadi agen pulsa elektrik semua operator gsmcdmavutk daftar ketik mtronik kirim,1
195,ramadhan selamat menang rpjt pin code yrkz info ramadhanblogspotcom,1
196,brminat cash kredit mtor scond brg istmwa tipe merk apa sjdsini mnyediakn unit dr thn atas hub ms dediktp luar yk bs,1
197,mau menang togel tembus pasang shio tungal angka ingat mahar pulsa rb kirim no x khusus putar sgp senin,1
198,punya pesan suara untuk dengar pesan suara silah tekan tekan okya bebas biaya terima kasih,1
199,pmain togel sring kalahmau hasil mbah joko bisah mbntu sioangka retuwal minat hub mbah jokodi jamin tembus,1
200,aneka shop bagi promo type blackbery dakota jt tourch jt onix jt gemini rb upemesanan pin b ade,1
201,anyonghaseyo ngaku kpopers sejati ayo lengkap koleksi video kpopmu htpkpopxlcoid skrg harga video lebih murah loh info,1
202,artha cel diskon brg elektronik b dakota juta b onyx jt camera dl hub sms pin b bdfd celblogspotcom,1
203,as kena rumah tanah yg kemarin sy sdah survei sy mrasa cocok nego harga hubung sms suami pak haji dermawan,1
204,as sy randy kena mobil yg sdh sy liat kondisi y betul minat mohon hub bapa sy utk bicara hrg net drhdarmawan x,1
205,asmaf sy wahyumengenai mobil bpk yg mau jual sy lihat cocok nego hrg silah hub saudara sy dgn pak jusman safei tp,1
206,as maf sy by hjsuri kemarin survey rumah kena harga hub suami h sigit tlp terima kasih,1
207,asy sugiyono yg tempo hari mngenai mobil toyotanyasy brminatcocoktlong hub sodara sy dluntuk negosiasi harga anabdulah hp,1
208,asalamu alaikumsaya reski dr costumer servis tri plaza semang lt jljend sudirman jkt pst sdh m hubung waktu undi laku noanda tdk sambung jd krimkn lwt sms jatuh tempo noanda menang undi dr tri jenis hadiah unit mobil suzuki ertiga newdengan pin dcs jadi silah cek lebih di website hub,1
209,asalamu alaiqum nenek masuk rumah sakit kirim dulu ulsa ribu nomor mau telpon di rumah sakit ganti uang,1
210,ayah isi pulsa xl rb no sekarang penting,1
211,bapak tukokno pulsa as ndisek ribu iki nmrku anyar cepet saiki tak entenipenteng bpk msalah kantor polisijangan dulu smstlp,1
212,belanja online promo disc b dakota jt b onyx jt b z jt dl infosms pinbaf klik olshopblogspotcom,1
213,belanja online toko resky discon b laptop samsung ipad nokia dl upemesananorder calsms kunjung web di shopblogspotcom,1
214,belikan dulu mama pulsa simpati ribu nomor baru mama kalau kirim sekarang cepat penting hpnya orang mama pinjam,1
215,bela bingung bang mau nulis apa aq nulis panjang serba salah mending langsung ngobrol tlpn aja deh bang no telp aq x,1
216,berkah poin nomor mndpt hadiah i pin dhi silah verifikasi pin menang situs resmi,1
217,berkat isi ulang pulsa no tpilih sbg menang cek tunai rpjt dri ptm kios pinf uinfo klik mkiosblogspotcom,1
218,berkat isi ulang pulsa no pilih sbg menang kejut tri men dpt cek tunai jt dr planet care pinbh cek hadiah di careblogspotcom,1
219,big sale discound z jt iphone gb jt snote jt camera laptop dl pin b ab calsms kunjung,1
220,big sale sinar blackbery z rpjt dakota rp jt tourch rp jt davis rp rb infohubsms cfa blogspotcom,1
221,blackbery city jual blackbery discond dakota jt torch jt onyx jt davis jt gemini g jt uinfo hub ibuanita pin bd,1
222,blackbery online big sal b z rp jt dakota rp jt samsung note i rp jt iphone gb rp jt laptopcamera dl minat invite to bm pin afc,1
223,bpkibu kena rekening pilih menang cek jt dri bni uinfo klik kode cek hub,1
224,bpkibu yth milik nox pin undi resmi m dptkan rpjt cs klik carecom,1
225,bpr syariah yogya siap layan pembiayan usaha andasyaratcopy ktpkbuku nikah cukup dg jamin bpkbsertipikatproses survey cepat hub,1
226,butuh dana tunai cepat juta dgn bunga rendah flatbln proses jamin hari syarat mudah info ibu yani,1
227,cahaya travel tiket murah promo terbang domestic internasional online boking jam hub kelik,1
228,casino online besar daftar diri raih bonus referal bonus cashback sportsbok mingu main smartphone pc,1
229,dapat e ticket promo terbang domestik internasional lalu via online mudah aman hub klick,1
230,dapat e tiket murah promo terbang domestic international boking online info hub traveljimdocom,1
231,dapat segera tiket murah promo ditravel kmiuntuk terbang domestik internasional online boking jam minat hub,1
232,dapat total hadiah ratus juta rupiah kota berkah cara klik program sd agustus,1
233,daptkn e tiket pesawat promo layan domestik and internasional boking online cepat aman hub link travelcom,1
234,de inih bapa pake no temen kirimin pulsa no inih soal penring banget di rumah digantin,1
235,sini uang transfer rek bank x x an x kalau sms no x,1
236,transfer uang nya rekening bni an ismawati rek sms klo sdh kirim,1
237,jual ticket super junior tgl april lady gaga tgl juni harga goldjt tribunjt info hub lady ticketwebscom,1
238,dptkan e tiket promo terbang domestic internasional boking online jam info hub,1
239,gebyar poin plus plus indosat edisi priode ke no pin undi dhi resmi raih hadiah utk info,1
240,gebyar telkomselpoin no trpilih menang pin fg silah verifikasi pin situs resmi selpoinhadiahjimdocom,1
241,gratis menit nelpon sama indosat sms sama indosat mb internet slma jam tiap isi ulang rbisiulang pulsa rb nikmat gratisanya,1
242,gratis sms sesame indosat lama hari dengna kirim sms lama juni bonus x beri maks xjam info us,1
243,gratis internetan mb laku utk hari dg isi ulang axismu hari rp ayo isi ulang sekarang nikmat bonus info,1
244,gratis internetan hg mb nelpon menit sms sama indosat dg isiulang mulai rbutk daftar ketik gratis kirim gratis lalu isi ulang,1
245,gratis pulsa hinga rb lama hari malam cuma dg isi ulang mulai rb daftar segera ketik gratis krm kereg ckp kalinfo ketik info krm,1
246,gt shop disc b z jt b torch jt b davis jt minat galaxy s jt cp pinab gili sms versi demo htp,1
247,guntur hubung facebokhtpfbcomlnzhplcmrug balas stop unruk henti terima sms facebok,1
248,hi trims kmu udh gabung layan bung gita bicara boladpt info tarik n prediksi akurat dr bung gita infomg rbsmstop unreg gita cs,1
249,hquarters busines residence lokasi emas asia afrika bdg hrg prelaunchprofit roi thn bs libur byr th tsm des jan,1
250,indomarcocel tawar jdi agenpulsa mkios chip semua oprator harga v v v cara gabung ketikdaftar kirim lukis rasa ku kita,1
251,indosatpoin plus plus selamat simcard x resmi pilih m dpt hadiah pin bch sahkan ptindosat info klik,1
252,indovison promo rbu nikmat bln berlanganan gratis biaya pasangbonus cema bln hub pin b fc,1
253,info ptm kios hsil undi berkat isi pulsa selamat nohp x m dpt hadiah pin menang ad info klik isiulang pulsawebscom,1
254,info resmi selamat pilih sbgi menang semarak undi ptindofod indonesia no pin dhi info pin hadiah klik undianpopmiewebscom,1
255,info resmi bpkibu hormat selamat no menang dari pesta isi ulang care no per undi tadi malam pkl sctv uinfo hadiah klik,1
256,info resmi kepadabpkibu hormat selamat no menang dari pesta isi ulang care no per undi tadi malam pkl sctv uinfo hadiah klik,1
257,info resmi ptindofod noanda t dftr menang undi pop mie edisi mndptkn unit nisan juke pinach infokunjungi,1
258,info resmi ptindofod slmt noanda tdftar pmnang pop mie raih hadiah unit nisan juke dgn pinxbv uinfo kunjung,1
259,info resmi ptri care pin menang jf m dptkan hadiah i unit toyota yaris uinfo cek pin klik,1
260,info resmi ptri care pin menang jf simcard resmi dapat hadiah unit toyota yaris no,1
261,info resmi ptri simcard resmi m dptkan hadiah mobil mazda kode pin emlb info hub klik,1
262,info resmi selamat no simcard men dptkn uang tunai rp jt dr ptindosat pintblvg info hub au klik infojimdocom,1
263,info resmi tri care selamat nomor pilih dapat hadiah unit mobil dri tri care pin menang brh info caretk,1
264,info resmi ptindofod selamat m dpt mobil nisan juke kejut pop mie pinfcd hubung drshnaldisuparman,1
265,info dana tunai jamin juta bunga syarat milik kartu kredit proses hari kerja cal firli,1
266,info pinjam agun jt standart chartered bank syarat copy ktp copy kartu kredit resmi minat hub akbar trimksh,1
267,infojk mau jual rmhtanahmobilprodukjasa dl promosi sj dg sms masal biasa hny rp sebar no hpjam hub jogja,1
268,tahu angka jitu yg keluar putar hari hubung mbah togel semarang jamin tembus raja shio buka jam,1
269,bpk pnjam hp orng tlng blin bpk pls rb krm nomr brunya bpk bpk ada msalh kantor polisi jgn tlpsms nti bpk yg tlp penting,1
270,bpk belikan dulu pulsa ribu no baru bpk karna ada masalah kantor polisi jangan dulu tlpsms bpk yg tlp penting,1
271,no rekening brianasri narti norek,1
272,nomor baru papa kirimin pulsa nomor baru papa papa di kantor polisi masalah jangan telepon papa,1
273,nomor rekening bri an andika septiana,1
274,rekening bank brinorekanir mayani,1
275,rekening bank mandiri norek an murtiani,1
276,rekening bri rek anrasto murdoyo,1
277,rekening mandiri an reza prasetya,1
278,rekening bank mandiri an ali syamsudin rek,1
279,rekening bank bni norek anwahyudi alamsyah sms klo kirim,1
280,isi pulsa lebih untung myvplus dpt pulsa kamu lsg dpt voucher diskon dpt hadiah juga dpt point yuk klik htpbitlymyvplus,1
281,isi ulang pulsa rp regular hd com sukses refgratis pulsa sd rb hg hr mlmktkgratis krm,1
282,isi ulang pulsa rp regular putera sukses refgratis pulsa sd rb hg hr mlmktkgratis krm,1
283,anda butuh angka jitu gaib d d d sgp jamin tembus silah sms mastertogel,1
284,kak kirim dulu pulsarb no baru,1
285,dr ktr indosat sdh hub nmr tp tdk trsambungjd krm sms bhw no mendpt mobil jaguar pindhi info plusplusweblycom,1
286,sdh mnghubungi tdk trsambung sim card dapat hadiah tiga dri ptaxis pin klik ptaxisblogspotcoid,1
287,kejut poin hadian rp jt resmi beri milik nomor x pin xaf info kantor pusat telkomsel,1
288,mudah aman bisnis togel kini bentuk online gabung raih untung di satu satu situs togel online percaya,1
289,yth bpkibu pelang tri sumargani dr operator tri plaza semang lt jl jend sudirman kav jkt pst kirim sms krn nmr sulit hubung hal ikut nmr dapat hadiah dr promo undi hadiah suzuki ertiga pin andatb info,1
290,putus resmi care selamat noanda pilih m dpt tabung rpjt pinmcxj info kelik,1
291,sempat jadi agen pulsa mkios al operator harga v v vrb vrb vrb vrb cara ketik daftar kirim,1
292,sempat jadi agen pulsal operator mkios harga murah ketik gabung kirim,1
293,kirim bank bca no rek an andrianto djunaedi usaha hari trms,1
294,kirim mandiri aja an arya rek klo kabarin,1
295,kirim dulu pulsa ewu no mas agus,1
296,km bank bri sdh tlp tdk bs jd km sms nopin menang kghk m dpt hadiah untung bliung britama info klik,1
297,krim bni aja an ayu suryani no rek klo kirim kabarin,1
298,layan vip games rpsms xmg sdh diperpanjangnikmati layan disinihtplivevipgamesmesid stop cs,1
299,ma belikan dulu besok pulsa rbu no baru penting,1
300,ma isi dl pulsa rb nmr,1
301,maf sdah hubung tpi tdak sambung noanda resmi raih hadiah dari ptm kios pinmk uinfo hadiah klik mkiosblogspotcom,1
302,maf sudah hubung tidak sambung no raih hadiah dr ptmkios pin mk cek pin di m kiosblogspotcom,1
303,maf sudah hubung tidak sambung selamat noanda resmi raih hadiah dari ptcare pin bh uinfo klik blogspotcom,1
304,maf sudah hubung tpi tdk tersmbung noanda resmi raih hadiah dri ptmkios pinmk cek pin di mkiosblogspotcom,1
305,maf bu nur tanah tanjung api api sudah lihat sudah cocok masalah harga hubung suami aja pak hsulaiman di no hp x betul ada acaratks,1
306,maf soal angsur bulan bayar lalu bpkyogi hp soal sdh kuasa,1
307,maf uang transfer ke bank x an x norek x bila transfer sms terima kasih,1
308,maf iklan tawar pinjam uang tunai jamin kta jt sd jt dg ktp d kartu kredit bunga flat simpan sms ni ahub,1
309,maf cuma ingat soal kontra kalau mau diteruskanbayar harap bpk chandra no soal sys dh kuasa sepenuh maf cuma sms,1
310,maf bu ratna meganai rumah sudah liat soal lagi bandara silah hubung suami h arif iskandarse hp trims,1
311,mahesian plz kna no nu rbu ayena,1
312,mamah pangmeserkeun heula pulsa as rbkana nomor ieu tong nelpon nuju riweh ayeuna penting,1
313,manfatkan fasilitas pinjam jamin syarat fcopy ktp kartu kredit proses hari kerja info hub rasti,1
314,manfatkan segera creditcard utk aply pinjam jt cashback minat hub bintang tks,1
315,mau libur gratis lombok ajar foto klik htpgoglfvcnw paket internet rp dpt mbhr hub cek status paket,1
316,mau nisan jukeayo beli popmie skrg kirim kode kodeuniq siapa tahu kamu pemenangnyahati tipu cs klik htpgogldmpk,1
317,mau uang tunai jtayo gabung layan video cliponyu keluar jurus gombal mu yg paling dahsyat utk host cantik cliponyu ketik clip cs,1
318,mega cel cari agen pulsa cip semua operator harga v v v rb dl minat ketik info kirim,1
319,mega prima tama promo discon blackbery dacota rp onyx rp iphonipad laptop camera dl info pin b aea,1
320,meganai ruma bpkibu yg mau jual sd surpai sy minat sy tlpn tdk tembus masalah harga hub suami sy drhirawan,1
321,layan fasilitas pinjam dana tunai lalu jamin bpkb mobil cover area seluruh daerah indonesiabunga flat bulan no bi cheking proses cepat data lngsng jemput pihak survey kamibfi finance hub oktra mariadi sihaloho cp,1
322,lejit pintarkursus suami isteri aktifasi smangat bljr kuat fungsi iotak anak prestasi mningkatelepon ketik sms,1
323,kena rumah bpkibu yg mau jual sdh survey sy berminatsy telpon tdk tembus masalah hrg hub suami sy drhirawan,1
324,kena uang kontra kalau mau terusin harap bpk suyono nomor hp soal shd sya kuasa penuh dia maf cuma sms,1
325,modal usaha solusi uang hanya copy ktp kartu kredit npwp no rek pribdi dapat jt dr bank hub lia,1
326,mohon maf promosi pinjam uang tunai syarat copy kartu kredit bunga mulai bln gratis asuransi hub ani lia proses cepat,1
327,mudah kta baru pinjam sd jt bunga gratis asuransi copy ktp kartu kredit slip gaji hub mido,1
328,nagamas elecktronik b dakota jt b davis rb b gemini rbq b torch jt dl cal sms pin b a celcom,1
329,nak ayah kirimin ayah uang rb no rek an yanti ayah lg kantor polisi ngurus surat tilang mks,1
330,kalau mau bayardi transfer harap hubung dulu atas bpk ardiansa no tlp soal ubah bayar trima kasih,1
331,kalau mau transfer tipon dulu no baru ini soal ubah no rekening terima kasih,1
332,nasabah bank bri yth selamat mndptkan cek tunai rpjt bank rakyat indonesia pin ijhk uinfo klik kunjung,1
333,nasabah bank bri yth no rek mdpt hadiah cek rp jt bri untung beliung britama pin ijhk info klik,1
334,nasabah bri yth dapat cek juta undi bri kode triple cek info hadiah klik,1
335,nasabah bri yth norek pilih menang undi bri kode pin ijhk u info hadiah klik,1
336,nasabah yth di minta menghub bri prihal tabugan dapat cek rpjt dri bri dgn kode cek info klik,1
337,nasabah ythrekning tbungn eror hrus monitor ulang bisa gunakn kmblimaf sblum kntor hrap hub pk aryadhi dlu ditks,1
338,nasabah yth rek mndpt cek rpjt kode cek info hub klik,1
339,nasiberbagi bakti rutin ini ringan beban hidup dpt walpr htpminbizrwhum stop ketik unreg nasib cs,1
340,nasibnutrisi otak slh nya berfikir positif klo sdh segala bs jd ilmu dpt walpr htpminbizrjxpc stop ketik unreg nasib cs,1
341,nfo resmi nomor andax pilih men dpt hadiah langsung ptri care pinpemenang fhjtl utkinfo lengkap klik,1
342,noid isi pulsa m tronil at dapat hadiah program poin isi ulang m tronik uinfo resmi menang klik,1
343,pangmeulikeun heula pulsa bpa simpati ribu we ganti ku bpa ieu nomor na nya,1
344,pelang yth simcard m dptkan cek tuanai rpjt ptricare indonesia pin hdrjn ucek pin kunjung blogspotcoid,1
345,pelang yth slmt kartu gsm men dpt tabung haji rpjt kopi jahe hut no pin efgr uinfo sgr hub laksana pt sidomuncul,1
346,pelang yth dapat hadiah dari poin plus plus indosat pin menang bch info menang klik webscom,1
347,pelang yth selamat men dpt hadiah dr undi pt indofod popmie pin fhx uinfo klik mie indofodwebscom,1
348,pelang ythsaya mba muliani operator tri hubung tapi sambung jadi informasi saya sampai lewat sms hadiah jatuh tempo selamat nomor tri menang undi dr pesta isi ulang pulsapin menang bh segera hubung kantor tri jakarta tlp info klik,1
349,pelang ythsaya rezky operator tri hubung tapi sambung jadi informasi saya sampai lewat sms hadiah jatuh tempo selamat no tri menang undi dr pesta akhir tahun tri pin menang afr info klik triblogspotcom,1
350,pelang yth dri kantor tri jakarta sdh hubung no tpi tdk sambung informasi kami sampai lewat sms no trpilih menang hadiah cek rpjutadri undi isi ulanag tri pin undi andafr uinfo klik,1
351,pelang yth simcard sbg menang dapat hadiah mobil toyota al new yaris pinjf gebyar undi care info lenkap klik careblogspotcom,1
352,pelang yth simcard sbg menang mendptkan hadiah mobil toyota al new yaris pinjf gebyar undi care info lenkap klik,1
353,pelang yth simcard sbg menang mendptkan hadiah mobil toyota al new yaris pinjf gebyar undi care info lenkap klik,1
354,pelang yth simcard sbg menang mendptkan hadiah mobil toyota al new yaris pinjf program pesta akhir tahun care info lenkap klik,1
355,pelang yth tri care noxv pin menang jf dapat hadiah unit mobil toyota yaris info klik htptri webnodecom cocok pin menang,1
356,pelang ythm kios cel tawar daftar cip m kios token pln harga pulsa v rp v utk gabung ketik info kirim,1
357,pelang yth selamat nosimcard x resmi menang undi poin plus plus edisi th pin andaerd uinfo klik poinblogspotcom,1
358,bayar sudah jatuh tempo silah melaporm hub kantor terima kasih,1
359,bayar nya bulan kalau mau bayar harap telponsms dulu atas bpkdedy hpterima kasih,1
360,tawar batas software sms gateway utk iklan sms pilkada sekolah instansi kampus dl harga promo rp hubjasa advertising corp jam,1
361,setor angsur nya kalau mau bayar harap tlp dlu atas sy bpk iwan hp dri indomobil finance tks,1
362,permintan akan segera proses keyword reg gita layan pt hypermind,1
363,pesan resmi care saya dapat undi tiga uang tunai juta indonesiablogspotcom,1
364,pesan resmi m kios pesta isi ulang krt pilih men dptkan hadiah cek jt pinmhr hubcustumer klik edblogspotcom,1
365,pesan resmi ptplanet card dapat hadiah cek tunai nila rpjt jatuh menang kode pinbg silah cek careblogspotcom,1
366,pesan resmi ptri care indonesia selamat simcard dapat hadiah nila juta jatuh menang lv kode pin ijhk silah cek tricarecom,1
367,pesan resmi ptcare berkat isi ulang pulsa no resmi dapat hadiahrp juta care pin menang bh uinfo klik,1
368,pesan resmi tricare selamat mndpt hadiah unt mobil honda jaz rsnopin menang bl info kunjung htpgebyar carejimdocom,1
369,pesan resmi dr ptricare slamat no tpilih mndpt hadiah unit mobil honda jaz pin pmenang lm u info klik tricaretbkjimdocom,1
370,pesan resmi dr tri care indonesia selamat noanda mendpatkn hadiah dgn nopinbl uinfo silah kunjung jimdocom,1
371,pesan resmi dr tri care indonesia selamat noanda mendptkn hadiah dgn nopin pemenangbl uimfo silah kunjung,1
372,pesan resmi dri tri care slmt mdpt hadiah unit mobil honda jaz rs nopin menang bl utk info kunjung jimdocom,1
373,pesan resmi dri tri care selamat m dptkan hadiah cek tunai besar rpjt pin undi ad uinfo kunjung bimatriblogspotcom,1
374,pesan resmi dri tri careselamat m dptkan hadiah cek tunai besar rpjt nopin undi ad uinfo kunjung bimatricarejimdocom,1
375,pesan resmi m kios sim card menang hadiah cek jt promo m kios pinmhr hubirhsurianto klik mkiosjktblogspotcom,1
376,pesan resmi ptcare indonesia berkat isi ulang no m dptkan hadiah dengan kode pin bh uinfo hadiah klik ptcareblogspotcom,1
377,pesan resmi ptcare indonesia berkat isi ulang no resmi raih hadiah dengan kode pin jf uinfo hadiahlik isiulangcareblogspotcom,1
378,pesan resmi ptcare indonesia ucap slmt nosimcard resmi raih hadiah dengan pin bh uinfo hadiah klik hadiahblogspotcom,1
379,pesan resmi selamat no simcard m dptkam hadiah cekrpjuta dr tri care pinyrkz info keik tricareblogspotcom,1
380,pesan resmi selamat no simcard m dptkan hadiah cek rpjuta dr tri care pin yrkz info kelik,1
381,pesan resmi selamat no simcard m dptkan hadiah cek rpjuta dr tri care pin yrkz info kelik,1
382,pesan resmi selamat no simcard m dptkan hadiah cek rpjuta dr tri care pin yrkz info klik,1
383,pesan resmi selamat no simcard m dptkan hadiah cek rpjuta dr tri care pin yrkz info klik,1
384,pesan resmi tri no xv pin menang ytg pilih menang i hadiah cek tunai jt info lengkap tri klik infowebnodecom nomer terus sms mafsaya mau telepon dari no,1
385,pesta m tronik bagai pelang setia m tronik pilih sbgi menang pin menang er uinfo klik,1
386,pesta m tronik bagai pelang setia m tronik pilih menang hadiah pin pemenangaiue uinfo klik undianmtronikjimdocom,1
387,pinjam sd miliard jamin bpkb mobiltruck min th bunga syarat mudah proseshari pt bunas finance tbk cover al wilayah andi,1
388,plenetcel cari agen ujual pulsa al operator harga pulsa p p prb info ketikinfo kirim atau hb cs,1
389,plg yth nosimcard men dptkan unit toyota al new yaris gebyar tricarepin pmnang jf uinfo hub klik tricarejimdocom,1
390,plg yth no pilih menang cek rpjt dr ptelkomsel hut telkomsel thn hub cal center,1
391,plg yth no x m dpt hadiah al new avanza dr ptelkomsel pin andabch info klik resmijimdocomahub,1
392,plg yth selamat nomor care pilih mendptkan hadiah cek tunai rpjt dr program undi care pinca info klik,1
393,plg ythno men dpt hadiah dr pengundiang pt indosat pin andabch umelihat hadiah klik poinwebscom,1
394,plg yth simcard mendptkan bonus poin plus plus drptindosat pin andafg uinfo klik blogspotcom hub,1
395,plgyth nomor resmi pilih menang hadiah dari ptm tronik no pin gf uinfo urus hadiah klik,1
396,plgn yth mendpt hadiah unit mobil suzuki ertiga pthm sampoerna tbk pin andafah uinfo klik,1
397,plgn ythsaya hrian harino opoerator tri tlah hubung tapi sambung jdi informasi saya sampai lwt smsblum hadiah jatuh temposelamat no tri menang undi care no pin menang mgksegera hub kantor tri jakarta info klik,1
398,plgn ythtri mnctv umum nomor pada tgl maret pagi tdk sambung jadi desi hermawati costumer servis tri plaza semang lt jljend sudirman kav jkt pst kirim sms penting jatuh tempo nomor simcard tri menang undi pesta internet tri hadiah toyota new yarispin andadidinfo resmi klik trijimdocom,1
399,plgn ythtri mnctv umum nomor pd tgl agustus tdk dpt trsmbung jadi desy hermawati dr pthutchison tri plaza semang lt jljend sudirman kav jkt pst kirim sms sblum jtuh tempo bhwa no simcard menang undi pesta poin tri hadiah toyota al new yaris pin did klik situs resmi trijimdocom,1
400,pnjaman mudah tnpa jamin proses sangat cepat syrt ft cpy ktp krtu kredit bila minat cal ari,1
401,promo blackbery b dakota jt b torch jt b davis jt b onyx jt b gemini rb minat hub promo batas,1
402,promo blackbery b dakota jt b torch jt b davis jt b orlando jt b gemini rb minat hub promo batas,1
403,promo cuci gudang blackbery samsung aple laptop beli dpt info cal pin b fb caturgadget ymailcom,1
404,promo lebaranpaket service motorolie rbharga biasa rprbada genuine oilgop shopinfo laku jui aug,1
405,promo baru toko artha jaya b dakota jt iphone jt b onyx jt camera dl cal sms,1
406,pt m tronik hubung namun tdk sambung no resmi raih hadiah pin er cek hadiah di tk,1
407,pt garsindo cari agen jual pulsa m kios al operator transaksi jam dgn harga v v v ugabung kirim,1
408,pt indofod tbk sampai anda pilih menang hadiah dari promo popmie pinaiue utk info klik popmiejimdocom,1
409,pt pertamina persero terima karyawani lulus smk ds s kirim lamarancvijazahphotox notip email pertaminareckrutment ymailcom,1
410,ptbni persero tbk rekening pilih rpjt rejeki bni taplus kode cek silah klik,1
411,ptindofodtbk sampai anda resmi menang uang rpjt pop mie nopin xyqd info lengkap klik tbkjimdocom,1
412,ptmtronik berkah isi ulang pulsa mtronik no m dptkan hadiah dengan pin pemenanger uinfo klik,1
413,ptri care pin menang m dptkan hadiah i unit toyota yaris uinfo cek pin klik,1
414,ptri care selamat simcard dapat hadiah unit toyota avanza pin fhjtl info klik tricareblogspotcoid,1
415,ptri nov slamat nosimcard mraih cek tunai rpjt program isi ulang pulsa pinmcxj info klik,1
416,resmi indosat no x pilih menang poin plus plus pin menang bch uinfo klik poinplusplus webscom sms kirim no,1
417,resmi tri care pin menang jf medptkan unit toyota yaris uinfo lanjut klik cs,1
418,rumah tanah yg mau jualsy ibu ayu sdh survei minat umembeli mslh hrg mhn hub suami drhjsopian,1
419,arum k prasodjo operator tri jkt pst kerja sama ptpos persero buat surat pemberitahuan alamat registrasi kartu tri tidak temu jadi kirim lewat sms info iniselamatnomor menang undi tri siar di mnctv tgl agustus menang dengan pin undianmlengkapi prosedur hadiah anda belum jatuh tempo klik trichampionsjimdocom,1
420,td pagi dapat sms ptrisimcard resmi m dptkan hadiah honda jaz rs kode pinbfgs info hub klik triblogspotcom,1
421,sayang belikn aq pulsa nmr nanti aq yg telp km aq pake hp tmn skrg yac,1
422,sayang sekali kamu kalah cepat jangan khawatir ayo coba di sesi ikut pasti kamu baca pesan line indonesia dapat info kena waktu hadiah event sesi ikut,1
423,bayar di transfer harap hubung dulu atas sayabpk ardiansah no tlp soal ubah bayar,1
424,segera dapat e tiket pswt hrga promo terbang domestik internasional reservasi tiket mudah praktis hub travelcom,1
425,segera dptkan ijazah d s s asli daftar akreditasi cepat kilat instan resmi silah atau hubtks,1
426,selamat mndptkan cek tunai rpjt dr ptbank rakyat indonesia pin andaijhk uinfo klik untungbeliungblogspotcom hub,1
427,selamat menang undi pop mie dapat hadiah unit mobil nisan juke pin andabch info klik situs di undi pop miewebscom,1
428,selamat bagai menang promo undi pop mie getlucky men dptkan unit mobil nisan juke pin andabch uinfo klik pop mie webscom,1
429,selamat telah daftar member m pulsa kode agen d pin saldo rp tambah saldo ketik info kirim,1
430,selamat terdftr diprog gratis nelp mnt sms keisatinternet hg mb cuma dg isiulang mulai rb isiulang pulsa nikmat bonusnyacekbns,1
431,selamat kpd milik no simcard x dapat uang tunai rp jt ptindosat pinrwd poin jimdocom hub spam,1
432,selamat nosim card m dptkan hadiah unit mobil toyota yaris pinjf uinfo hub klik hadiahtricareblogspotcoid awas tipu,1
433,selamat nomor care pilih mendptkan hadiah unit mobil toyota yaris pin menang andajf uinfo cek,1
434,selamat nomor care pilih mendptkan hadiah honda jaz rs dr program undi care pinrwf info klik nih bank bri no rekening atas nama bayu alamsyah,1
435,selamat no pilih m dptkan kejut hadiah langsung care kode menang bch utk info lenkap kunjung web,1
436,selamat mendpt hadiah rp juta telkomsel point edisi september hub kntr pusat ir dwi hartanto,1
437,selamat m hadiah satu unit mobil alphard dr telkomsel info hubkunjungi website di htptelkomselundianjimdocom,1
438,selamat men dpt hadiah rpjuta telkomselpoin periode maret pin andac hub kntr pusat irwardoyo,1
439,selamat mendpt hadiah rp juta telkomsel point edisi september hub kntr pusat,1
440,selamatanda m dptkan hadiah cek tunai rp jt indosat pin fg uinfo ambil hadiah kunjung website indosat indosatblogspotcom,1
441,selamatanda mdptkan satu unit mobil nisan juke dr ptindofod pin tdn uinfo ambil hadiah kunjung website luckyblogspotcom,1
442,selamatanda mndptkan hadiah cektunai rp jt indosat pin fg uinfo ambil hadiahkunjungi website indosat poinindosatblogspotcom,1
443,selamat menang unit mobil fred dr telkomsel edisi thn undi tdi mlm pkl rcti uinfo hub h mulyadi kirim,1
444,selamatanda m dptkan hadiah unit mobil honda jaz uang tunai jt rs dr ptricare pin menang andabfgs uinfo klik,1
445,selamatkepada pelang x mendpt hadiah dalam program poin plus plus indosat nopinfg info klik plus webscom,1
446,selamatno simcard resmi m dptkan hadiah unit honda jaz tri care pin menang ztkm uinfo cek pin klik,1
447,selamat t rpilih l ngsung m ndptkan hadiah dr ptelkomsel rpjtuinfo hubung pusat drshmulyadi pelaksanatelkomsel,1
448,seminar denpasar bal wakil kemahasiswan kewirausahan biaya transport rp juta nomor serta semnasdikti direktur kemahasiswan dikti prof dr joko purwanto msi hubung wahyudin zarkasi no referensi ptx,1
449,sim card m dptkan hadiah yunit mobil toyota yaris nopin menang jf uinfo,1
450,simcard adalah menang gebyar isi ulang tri pinf laku verifikasi sekarang hanya,1
451,slmat no m dpt dana bantu rpjt dr pt sidomuncul uinfo hubirhjmuliyadi pelaksanapt sidomuncul,1
452,slmt no mendptkan hadiah unit mobil honda jaz dr promo tri care dgn pin pemenanglm lnfo klik,1
453,slmt no resmi mdpt hdiah rpjt dri pt mkios pmenang pin andam uinfohubpakh risal dermawan mkios,1
454,slmt simcard x mdpat cek tunai rpjt pin rwd info cs kunjung idjimdocom,1
455,slmt no men dpt hadiah drpengundian ptelkomsel no pin bc lihat hadiah sila klik,1
456,slmt no mendpt hadiah rp juta telkomsel poin undi tadi mlm pukul wib rctinfo hub ir serianto kirim,1
457,slmt no men dptkan hadiah dr undi poin plus plus indosat no pindhi info menang silah klik indosatpoinpluspluswebscom,1
458,slmt no men dptkan hadiah dr undi poin plus plus indosat no pindhiutk info menang silah klik indosatpoinpluswebscom,1
459,kfc yg deket enhai dy,0
460,maf ada janji belum penuh ada janji ingat,0
461,ngsih bunga ato coklat min,0
462,sambl nungu gimana kalo ngerjain form formnya aja dulu,0
463,akademik perhati tuk jadwal kontrak kuliah buat ang bukan sebenarny kuliah ikut jadwal kur yg baru ang ato atas sehinga jadwal yg adalah jadwal bayang tuk tuju kontrak kuliahal atas ga laku tuk mk yg memang jalan ang kalian spt skripsi sidangdemikian harap perhati,0
464,info plasalambagi yg ambil mk pla wajib kumpul haritgl kamis agustus pukul wibagenda bekal jelas platempat gdg jica lt rsdemikian informasinyharap perhati d sebar,0
465,info teman yg kumpul data asisten labmatakuliah bukti upa surat keteranganya bisa ambil pak andri,0
466,telah daftar pelang tcash ful service tingkat saldo dg isi saldo tcash merchant logo tcash dekat,0
467,pin baru tcash adalah silah mengunakan pin baru untuk nikmat layan tcash telkomsel,0
468,nya mad aku bingung bkn laporanya,0
469,amin makasih semua moga cepat lulus,0
470,amin makasih semuanyasemoga teman cepat nyusul moga segala urusanya beri lancar alahamin,0
471,abis maghrib,0
472,belakang warkop deket indomaret gum bulan,0
473,di bip studio foto gitu,0
474,nama tpi gatau msh fungsi enga udh lama ga dipake sih,0
475,ruang nya tadi,0
476,internet min alamat dmn,0
477,mba harga jtbln fasilitas air hangat kamar mandi tv tv kabel wifi meja tempat tdr lemari,0
478,nya instagram,0
479,peras nyesel gt sedikit waktu kuliah asa ga merhatin ga ngerangkul semua aku pribadi hm,0
480,semua pandu pladishare grup dan fb,0
481,sih yg nikah muda tp liat bahagia tp one of a milion kayak kalo temen ku hm,0
482,teh dikpad kontak,0
483,rb kamar mandi sama kalau ada kamar mandi dalam kalau yang kecil yang besar rb,0
484,yg kok ikan tahu tempe,0
485,yg nikah muda yg gagal nikah yg pacar lama eh putus alesanya karna terlalu sayang jd gak mau nyakitin pret yg jagain jodoh org yg ah banyak lah wkwk,0
486,yg tau ruang pak daya yg fpmipa b,0
487,yg tdk jam tentu mungkin pagi jam nanti umum,0
488,aduh aku ge pusing yg mau lamar siapa yg nyari butuh siapa,0
489,aigo banyak banget chatnya aku baru liat hape hehehe,0
490,air asa kurang lancar besok ku tanya papa yah,0
491,ajakin soekarno hata aja nama makan eatbos soekarno hata wkwkw,0
492,aku spageti tp usah kaldaluarsa yah,0
493,aku bawa daging yg dah rebus gapapa yg mentah tingal tulang wkwk,0
494,aku besok dtg telat jam nga kan jam mulai,0
495,aku delete aja ntar nama pul dulu sync dulu ntar masukin nama baru push,0
496,aku depan pasca skrng,0
497,aku pt,0
498,aku dy wkwk makanya kurang restu jg krna jauh,0
499,aku ga enak euy bilang adik adik ken pvj nama,0
500,aku ga upi seperti,0
501,aku pagi tp masa dua nama doang pake grab nungu nama siang,0
502,aku jg blm berangkt wkwk,0
503,aku jg rumah lg ga apa gara kulkas rusak biasa suka nyetok sayur,0
504,aku jg waktu foto tgl juli kata selesai agustus,0
505,aku kira bukan besok,0
506,aku kumpul pon dulu dy kalo haris kerja sore mo pacar dulu dy,0
507,aku mah plg rumah ketemu ayah mama cukup kok,0
508,aku mah sering ditingal jual jd mau marah ntar alesanya duit kan buat km diem lgsg haha,0
509,aku mau bawa balon sm coklat min mau nitip,0
510,aku mau nyari data dibutuhin tabel mana aja,0
511,aku rasa geleh sendiri lipstik aku merah sekali wkw mana dapet kasih jg,0
512,aku push updatenya udah template sama adminlte,0
513,aku senin udah tempat kerja mingu depan aku gaktau bisanga,0
514,aku teh cuma bawa celana jeans yg tua tp jilbab yg muda,0
515,alhamdulilah makasih udah luang waktu,0
516,alhamdulilah puji syukur atas nikmat alah swt telah beri nikmat hidup detik sehinga masih untuk evaluasi diri lama tentu sadar banyak laku khilaf salah,0
517,alhamdulilah beres semua yang mau keluar group silah silah kalau yg mau memanfatkan group diskusi topik kait untuk skripsigemastikerjan,0
518,andipublishercompo bnibank mandiri,0
519,asal pagi pagi bjam an sudah jakarta,0
520,nama jg text dy text esay jawab gt jd misal nih murid sama guru si guru ngasih uji hasil jawab uji murid dibandingin sama jawab guru jawab yg bener trs outputnya upa skor hasil uji,0
521,nama msh pake db aku yg lama msh anomali nyesuain ga,0
522,nama cuman nambah table daftar ulang ird kalau master yg kita samain aja pake yg aku data pasien sql,0
523,asalamualaikum akang teteh jangan lupa hari ada carier day jam exhibition fpmipa b love hayu teh tungu,0
524,asalamualaikum bu nama mhsi ilkom baru dpt bimbing skripsi mohon maf bu kalau mingu ada kampus hari ap aj bu terima kasih,0
525,asalamualaikum pak mau nanya putar mobcom sp harus ikut kuliah sekarang apa ikut pas sp aja pak trims,0
526,asalamualaikum pak mohon maf mau tanya pak remedial dwm hadir tempat pak apa online mohon maf belum,0
527,asalamualaikum pak dg nama ilkom maf pak td ningalin proposal meja bapak atas printer terima kasih pak,0
528,asalamu alaikum wr wb ikut daftar uji pla tahap,0
529,asalamu alaikum nama mau minta bantu,0
530,asalamualaikum yg tau kalo file buat nilai di mana apa di fb,0
531,gaperlu kampus nama kirimin kunci aja make jne cenah ip,0
532,atuhlah aku meningalkan yg nyah jgn gitulah gais bis ingat masa lalu,0
533,atulah aku teh udh ngidam sate marangi dr bulan puasa naha ka subang teu ngajakan ih,0
534,ayam aja pak terus satu paket sama isi ap aja,0
535,ayam menu banyak buada ayam bakarkremes cabe ijo lada hitam asam manis rica rica baberque isi nasiayamlalapansambal tempe tahu air mineral gelas bumaf bu ada paket rb sd rb kalau tau angaran ibu berapa,0
536,ayo nama semangat skripsi yah biar cpt lulus kerja cpt nikah wkwkwk,0
537,yang uji segera serah dgn jilid yg sdg nungu uji sabar tuk sesuai waktupenguji,0
538,yg tarik lanjut gemastik tempat diskusi htplinemertigx,0
539,baik pak arti kamis ke kantor,0
540,baik pak bsk sekali bawa form nilai pak berkas lai,0
541,bal mah kudu berapa atuh duit,0
542,baru ngeh chatnya mafkan maf,0
543,bebas nama terus kalau tgl libur pajuin aja misal jadi kamis sabtu,0
544,bebas senin stuju apa aja yg kebapain program,0
545,beli es kelapa depan d besto teh,0
546,de kagi nyoba ngejar,0
547,uji pa insya alah siang hari mau kampus mudah pa eka nya,0
548,bentar lg gik buru ga kalo buru nitip yg ngontrak ipc aj,0
549,arti palasari nya skrg abis langsung ke gik,0
550,besok aku kasihin softfilenya gp,0
551,besok dwm jadi praktikum weka bawa laptop,0
552,besok jam berapa jadi ih udah kali skip,0
553,besok kantor tungu jam,0
554,besok mau kampus ga,0
555,besok ada rapat dinas selasa aja,0
556,besok siang jam,0
557,besok yuk jam bih jam,0
558,beu atuh sekarang nungu yg pulang pl,0
559,biar rapih aj mad controlernya msh gabung aku bik fungsi soal,0
560,biasana sih pak nama sampe jam kan kampus,0
561,biasa buka subang kalo wekend,0
562,biasa mah stasiun teh lewatin rel nama,0
563,bimbing lg nama da,0
564,bebas nama terus kalau tgl libur pajuin aja misal jadi kamis sabtu,0
565,bubuka jam bu,0
566,kurang rb ga pak belum pernah acara sama bebek komar iti rb awal tahun,0
567,turun cegah ikut remedial tanpa siap asal asal jawab,0
568,bis ga enak ga bantuin beberes ato masak,0
569,blm aku cek min mau apa kalau penting bgt aku gedorin,0
570,blm beres sep malah byk bug,0
571,blm mad ntr sore td udh ktmu,0
572,bntr pulang,0
573,bntr lg kan mau sholat mel keluar upinet kasih tau males balik,0
574,bole duaduanya pen hardcover dulu tp kalau usah udh minta td dulu,0
575,bu kalau yang bakal pindah bulan kalau berat kabarin bu terima kasih,0
576,instal sendiri juga bawa instalernya,0
577,minta alamat nya kalo gang softbal kmna gtu,0
578,nitip coklat alhuda,0
579,yang depan ramen a gp jam,0
580,bsok kmpul euy gmna tpi gin aja vote aja yg bsok sapa skrg sapa,0
581,btw magicomnya yg sedang gais gada yg gede,0
582,bu maf lupa sekarang hari jumat yakalau jumat buka jam bumau solat jumat dulumaf dari upi,0
583,bu mau mastin ketemu jica kan bu,0
584,buat yg mahasiswa baru,0
585,bulan depan daging sapi mau bakar dmna d pantai d rumah nama,0
586,cape sih tp da susah euy kalo udah pikir gtu teh,0
587,cara pangil na localhostsistemrumahsakitgerbangrawatdarurat,0
588,cari ken murah riah kualiatasnya bagus kok,0
589,cerita biasa aja tp tetep bikin nang,0
590,coba siapa yg di prodi punten liatin jadwal sidang tulis suruh kumpul jam brp gitu gak nuhun,0
591,coban teh dy kadang cewe mah overthink overeact,0
592,cukup alquran sbgai pedoman org yg iman,0
593,da gapapa public asal jangan yang dimasukin,0
594,da sebenernya makan sama indomie ge cukup aku mah,0
595,pt gagas pt ixindo pt bima data pratama sma sukarnohata sma purwakarta smk pgi sma swamedia kang,0
596,data pasien no medrec sdgkn daftar ulang pake no register karna field yg disi sat daftar ulang beda tablenya beda,0
597,der jangan wacana kaka bunda,0
598,folder sql aya sql rawatdaruatsql tingal sesuain sama maneh we coban k ente jalanken urg mh teu jalan ngan load view mh eror database soalna lieur gabungken database na,0
599,kfc belok setiabudi bawah pom bensin colok gak sih,0
600,diagnosa mana pasien irj ga diagnosa,0
601,nama helm,0
602,nama ntr aku kosan kamu,0
603,kirim nya disatuin,0
604,nama dah selesei blm machine learningnya,0
605,nama nmr kamu yg kan ntr ayu sms kl udah dpn kosan yah,0
606,nama ke kosan yah mau nanya jg soal lapor ga,0
607,nama minta controler view nya aja,0
608,nama minta database kamu sama view controler ada js buat dropdown kota,0
609,nama pakai flash buat animasi ga pakai movie maker,0
610,nama kosan ga mau numpang dong,0
611,nama dmna mnta s dong bisns proses nya,0
612,nama pt inti,0
613,nama mapin baru buka line,0
614,nama mau pergi ga kalo enga aku mau kosan,0
615,nama note nama dinamic di emil kembalin nama gmana,0
616,nama cara bikin makalah daftar isi langsung jadi gmana,0
617,namagraha desila kmr ltaquakembalian,0
618,lantai tepat ruang skripsi,0
619,mulai angka,0
620,dmana aja kang hehe,0
621,doa aja bsok lancar paling cepet aku nyampe sana jam malem,0
622,dr ciateul terus masa kekalapa lg frown,0
623,duh gusti sini ujan gede moga riung gak bocor yah gais,0
624,e gila nama kapan aku lulus,0
625,edan edan nama moga jadi keluarga samawa,0
626,eh aku instances deh diload ga bs,0
627,eh kosan nama maksud buat temen nama buat september,0
628,eh gatau td bagus nanyain,0
629,eh iya gais kado udah aku kasih kata nama makasih sama maf kalau salah mingu udah mau samarinda,0
630,eh brati kan makan kali yamalem sma bsok pagi bukan,0
631,eh tp jam pas dong jgn malem hbs mgrib aku takut plg wk,0
632,emang bayar nama,0
633,enaka aja gw antar cowok gw bukan dijmput nama,0
634,enga tau sep ntr kosan aku cek seperti ada malam aku liat,0
635,enga teh aku udh siap mau brgkt aku td line teteh,0
636,eta mah data dokter seluruh maksud urg teh kan si pasien teh aya meren pariksa ku dokter saha,0
637,nama lembar yg kamrin minta pak anto tp ibu minta yg bab parafrase kalimat jgn copy paste semua,0
638,nama masih jalan besok aja habis jumat ketemu kanto web service nya sudah di akses,0
639,fod teh maksud bukan beras kan kang,0
640,ga birthday nya wkwk,0
641,gais dlm menit aja aku jd nasabah btpn wkwk,0
642,gais nama kyk nama nih biar rapih,0
643,gada buat yg bukan temen mah,0
644,gaes gaes mau drakor gaes besok,0
645,gais aku brgkt mau matin hp,0
646,gais bsk kantor nyerahin lapor aku udh dpt td paedi mau hard jilid jgn lupa source sama lapor cd,0
647,gais kalau chat belum baca paham biar ga ulg,0
648,gais kalo dri upi unisba pake angkot apa pulang pergi,0
649,gais kata aku ngantor tgl sekali bawa form nilai daftar hadir form bimbing sekalulian foto,0
650,gais kyknya bapa ga bls sms aku mau gmn tp bapa bls sms teh tia blg ada kantor tia jg blg kantor hari,0
651,gais lapor di bimbing bimbing lapang,0
652,gais sekali tanyain pla ap aja yg minta dr tempat pla selesai nilai dr kampus surat ga,0
653,gajadi gadiabsen yg telat lebib dr menit da kaya,0
654,gak takut kok tp emang blm mau gatau sampe kapan kwkw,0
655,gak sih percaya aja dosa tangung sendiri hehe nilai mobprog selesai silah cek,0
656,gampang da cuma tampil doang,0
657,gara gara batman pdhl udh ulang,0
658,gatau nuy suruh tungu aja cenah bom dinvite sama apapa aku mah,0
659,gatau tadi bapa nya keburu jumat poko suruh ngumpul dlu gt kata,0
660,geng hari mau jam brpa respon yah,0
661,gimana nuy hadap beliau,0
662,gp kali beda beda sep,0
663,guys yg motor mau ngampus gak temenin ambil foto lah unbearable,0
664,guys aku gabawa beras abis dr pasar beli berat bgt yg bawa beras lebih mohon lebih hehe,0
665,guys bdg studi foto yg gin gak,0
666,guys numpang promosi bis yg butuh jual macbok air layar inch ram gb sd gb garansi sisa bulan jual jarang pake harga pm,0
667,guys aku ganti template nya,0
668,guys groupwherenya pake github aja,0
669,habis pake groupwhere biar ga cecer filenya,0
670,haha ayok buly adi ndut sama sama,0
671,hai akang teteh kalian belum tau mereka calon pimpin kemakom periode yuk simak visi misi,0
672,harga kisar rb nama,0
673,hari kamis baru masuk,0
674,hayu da gais tp kudu disurvey dulu sama aku bis tiba something wkwk,0
675,hbd nama cepet sidang cepet wisuda amin,0
676,hehe sep ku jebol pake solder tp jd jelek,0
677,hm sebenernya cuman eksekusi jquery control sep coba cek jquery yg dicotroler waktu klik buton kan controler yg buat nyetak pdf,0
678,hm tiket batam berapa duit gile,0
679,hub lg kalo udah dkt wktnya,0
680,ibu bobok aku mau nanya tg daging kalo daging mau presto dulu,0
681,info gempa mag sr jun wib lok ls bt km tengara kep tawa sumbar kedlmn km bmkg,0
682,hujan malam ruang tengah sama kamar kaya gabisa nyalain nungu kering baru nyala smg ujanya renti,0
683,ini udh sini mau apa aku gorengin,0
684,kalo lg beneran ngumpul lg mewek jamah,0
685,insya ikhlas mel asa udah bahas grup kan trs yg responya gt,0
686,isi saldo nya grapari indomaret ato di tf bca,0
687,masih pake data dumy ntar gampang mh,0
688,nama ap nur tokopedi bukalapak lumayan la complete walopun kw jenis,0
689,teh sebenernya krna terlalu sakit sma orang nuy padahal kalo udah nemu orang baru mah rasa beda,0
690,yang tugas pentaho langsung presentasi pentaho nya,0
691,iya aku inget jam dinding rumah awet kata hadiah nikah,0
692,iya nama akhir lab jarkom pas copy sql sigindo tea,0
693,iya ih ko sedih sih gtau kapan lg bandung,0
694,iya ih maksimal waktu bulan wkwkwk pdhl aku aja yg mo pindah,0
695,iya kalau yang kosong agus sept,0
696,iya kan file terkahir data pasien,0
697,iya kar lg dikosan nih numpang ap,0
698,iya singapur make dolar tea gening wkwk,0
699,iya liat mock up nya maksud,0
700,iya put alat masak makan mah aku usahain,0
701,iya teh soal selasa bapa hari rabu mau berangkat,0
702,iya ratarata programer gt hirenya udh pake csps gt gt,0
703,iya makanya aku butuh data kalian teh soal data sana harus rj rd,0
704,iya semua kamera kamera lia aku taro situ semua,0
705,iya makan bumbu juga biar bawa dr rumah irit hehehe,0
706,iya ayuk biar kamu reuni dg org sana fir,0
707,iya makin malam makin mahal kek yg suka jalan,0
708,jadi kapan met upnya nih teman teman,0
709,jadi kita cari sibuk jg biar ga mikirin cowo melulu,0
710,jadi males banget pla asa ga pernah beres wkwk padahal pa rawosi ga masalah,0
711,jadi barang yg pilih nyesuain budget aja antara pilih atas,0
712,jadi aku ambil bulan sampe desember kamar dua sama sodara aku,0
713,jadi mau apa sok bagi uang kas kira berapa,0
714,jajar kantin kesana deket pengkol pokok kang tulisanya da,0
715,jam wid berangkat jam,0
716,jam berangkat aja gmn teh,0
717,jam brp brpnya bsk kabarin kalau ngumpul sore bisa,0
718,jangan agendain suka ga jadi wkwkwk,0
719,jangan gitu kang aku tersingung,0
720,januari mah ambil x semingu aja kan masuk semingu sekali kalau januari,0
721,januari pokok mau sama sapa mana libur fix amin,0
722,jauh jemput poskamling cilimus de,0
723,jd mau kpnih kantor ambil form balik lg ngasih lapor sekaligus jd lapor ga lampir,0
724,jd misal nih murid sama guru si guru ngasih uji hasil jawab uji murid dibandingin sama jawab guru jawab yg bener trs outputnya upa skor hasil uji,0
725,jgn lupa malam jgn terlalu malam aja ada aja aku jg,0
726,jemari tak mampu jabat batin rindu ikhlas maf lewat pesan jemari silaturahmi mohon maf lahir batin,0
727,jumlah poin sd tgl poin masuk kategori red masa laku poin sd des,0
728,ka aku ga liat kosanya skrg soal ngerjain uts take home ka,0
729,kalau ayam kremes cabai ijo tehkalau untuk bakar rica rica kasih rb deh pakai box air gelas,0
730,kalau agus sept blm jamin kalau sekarang yang kosong,0
731,kalau gamepro uasnya materi praktek pak,0
732,kalau gagal urg pindah haluan sana deh,0
733,kalau mau bikin modelcontroler mending per apa y,0
734,kalau pertable emg lbh rapih lapor sih mad cuman bingung kalau pertable kdgkan yg dipake didr brp table gmn tuh mad,0
735,kalem diantapani uji sama intan her,0
736,kalian udh brp kali bimbing ngomongin apa aja aku blm pernah,0
737,kalo daun pepaya mah bungkus daunya pake pepaya put,0
738,kalo aku ngasihinya habis ashar aja gp,0
739,kalo aku sih tabel nama mnyesuaikan butuh,0
740,kalo daftar doang belum jadi prasidang ga,0
741,kalo enga belakang aqila bulan gatau apa enga deh,0
742,kalo grup c aku jarang baca haha jd suka ketingalan kabar berita,0
743,kalo kata raditya dika tuh cara pandang org tg cinta ubah alami patah hati hebat haha,0
744,kalo mau kep ribu mending ikut ini nih tingal duduk manis unpad du,0
745,kalo mau masak bawa bahanya dr rumah masing biar irit wkwk,0
746,kalo nga besok kampus senin nama kampus nya,0
747,kalo nonton hr mahal yah wek end,0
748,kalo pacar jg cowonya yg lebih sayang guys biar ga ngebatin,0
749,kalo pake daging yg dah rebus enak gak dijadin sate,0
750,kalo satpam tanya bilang aja ketemu,0
751,kalo udah ad progres besok aja jam an kesini,0
752,kamu kapan bandung,0
753,kamu sibuk ngapain aja sana,0
754,kamu yah ngajakin,0
755,kan bapak ngomong trs tanya siapa aku blg lg rame ma sibuk kampus ya,0
756,kan masih gatau ngeditnya kek gmn haha,0
757,kan karna bulan baru qaqa ngomong gituch,0
758,kang nama tuh baru menang milyar hahaha kemakom prestasi,0
759,kantin fip nama sendiri td mau pus tp bntar lg kan sholat,0
760,saya si surabaya besok hati kamis kantor gimana,0
761,kartu sim telah hasil ganti terima kasih,0
762,kasih norek aja belah siapa tau yg mau jg punya hak untk udunan wkwk bilang bts waktu trfr kalau niat segera kok,0
763,kantor siang aja,0
764,kek pernah liat undanganya prodi,0
765,kmpul yu sblum puasa waktu,0
766,lewat kolam renang gymnas gik,0
767,yg stay pdg aja mah tingal cus aja kapan met up nya,0
768,ko gtu parah bgt masa jam kerja ngeroko biar dapet inspirasi meren,0
769,kok optimis nga yah,0
770,koreksi kalau salah bis lupa bagus sih kalau mau coba coba ngak mubazir kok kalau mau dibalikin ke csv pake transformasi,0
771,krn pulsalimit cukup dptkan informasi putar kartu tri atau via aplikasi bimatri,0
772,ku ratus nih tabung nama aku tabung berapa nama cabut sekarang manada,0
773,kumpul dulu aja lab basdat biar bareng,0
774,kumpul makan daging jadi gak usah resto d,0
775,kurang tau sep periksa controlernya waktu instansiasi new tcpdf aku lupa,0
776,lagi ga gera sma si kaka tp kalo dianterin aku ga enak,0
777,lebay gt kata meni gitu ama mama teh gak blg,0
778,lingkung kerja asap kalo gak ngerokok pada nge vape gitu coba kan cowok semua banyak,0
779,load controler construct mad kmren aku coba ga bs paksa di dlm fungsi,0
780,maf aku lupa hp aku baru nyala dadi pagi pulang kosan maf pis,0
781,maf tidak aktif paket flash karena nomor tidak daftar,0
782,maf bu jadi jam berapa kita ketemu buatau bgmana baik,0
783,maf bu kalau sana bebek ayam,0
784,maf kaprodi itu siapa yah hehe,0
785,maf keyword anda masuk salah info lanjut hub cal center,0
786,maf pesan belum kirim sila coba beberapa sat terimakasih,0
787,maf pulsa tidak cukup laku beli paket flash pilih silah isi ulang pulsa,0
788,mafin guys gak hari huhuhu,0
789,mah mel di kosan dila habis kerja kelompok pegat hujan,0
790,makanya tibatiba layar hitam gt diapain jatoh,0
791,makasih gais doa yg juang,0
792,makasih semua mohon doa,0
793,malem aja lah jam nangung banget mw maghrib haha,0
794,mana duduk plg depan selalu kdg aku ga tau adan dblkg siapa yg hdr siapa yg enga wkwk,0
795,mandi aku selesei isya mau bobo,0
796,masak dikosan aku mau makan orek buat kamu min,0
797,boleh ikut ga wkwkwkwk,0
798,ngerasa salah ama kalian sebenernya,0
799,yang dekat sungai dulu kok dil,0
800,mati services spt antivirus dl,0
801,mau minta kirim foto selempang yg waktu dong makasih,0
802,mau naik gojek ga driver kaya padahal bawan banyak,0
803,mau nitip ga lagi gerlong,0
804,mau sekali dibawain kacamata ga aku keluar jam,0
805,mau apa sunday apa terus rasa slainya apa,0
806,baik bug karna ganti db brp lg enak nonton td ditelfon,0
807,merica jeruk nipis aku aja,0
808,mgkin periksa nama id view jg sep,0
809,min kalo inpo kosan bulan share,0
810,min lg dmn mo ngambil sertifikat yg kompas hihu,0
811,mal aidzin walfaidin mohon maf lahir batin semua akang teteh,0
812,mingunya ken lembang git hari ngubek bandung,0
813,minta email github nya dong,0
814,mohon maf lahir batin ipa,0
815,mohon maf pak malam sudah konfirmasi ikut remedial di nilai ikut remedial,0
816,ga birthday nya wkwk,0
817,mudah dil besok mau coba telkom lg doain yah tear,0
818,mul snack satu teteh kasih rafael,0
819,mungkin a nya tau kl wajah nama bakal beda sendiri pas gaya up,0
820,murah nuy orang drpd naik angkot rebu ngetem macet gt,0
821,naik kelapa ledeng turun ciateul terminal bgt terus naik kalapa dayeuh kolot turun depan kantor bgt,0
822,nama table table pasien irj gnti data pasien lupa,0
823,aku push aja kuota modem lg hbs,0
824,aku siar dil,0
825,plg wisudan aku lgsg ksana awas telat telat aku plg,0
826,sync aja github dekstop nya,0
827,ngajak wida tuh kan beliau habis seminar hihip,0
828,nikah proses put kadang atas kadang bawah gak selalu enak enak wkwkwkwk,0
829,nomor otp adalah telkomsel,0
830,ntar aku kirim link nya,0
831,numpang teduh wkwk aku tak punya tempat tuju,0
832,numpang promo yah siapa tau yang minat liat instagram nya,0
833,nama udh nama transfer macih nur,0
834,nama aku lg ngerjain tes ngoding upi net kalo mo pake motor tp motor jauh bgt,0
835,nya sore we atuh gi kalo mau pagi siang wekend nya,0
836,oke de kalau lanjut isi deposit transfer kmn,0
837,oke pak saya lgsg kesana pasti buka jam berapa bebek komar yg dekat dt,0
838,pantesan tau gitu lgsg foto pusat aja put,0
839,saya udh berangkat kaya ga koneksi,0
840,udah yah haha aku bingung jd gimana udh ketingalan banyak chat,0
841,lurah dl data pasien nyata butuh oge,0
842,oiya nama ih knapa bsa begitusayang bgt tabunganya,0
843,nanti lihat hadir siapa yg nyaris nilai,0
844,kabarin yah no m aku blokir ga paket data smsin aja asmul ini kbtulan fre wife,0
845,minta data dumy diagnosa pasien punten makasih,0
846,okay siang jam an hehe ga mana hari,0
847,oke deh aku jg emang ken ngumpul sih kapan lg,0
848,oke nama udah beres bimbing aku kesana,0
849,oke gais tp dsni udh redan hujanya dtgu,0
850,oke kalau dp berapa,0
851,oke senin deh ke kantor aku sms bapa lapor nyusul aja gt ingat lapor jg lampir revisi uji,0
852,oke bentar aku solat dulu,0
853,oke kalau telor butuh segimana,0
854,okey malem aja bahas apa aja yg bawa,0
855,o kalau kamu misal lanjut brp dit,0
856,iya klo controler ku kira td model,0
857,ouh gitu yaudah ntar besok aku chat kalo aku mo ngampus,0
858,ouh trs ngedeteksi apa dil output nya apa,0
859,ga aktif si tombol algoritma nya teh ga ngerti,0
860,ngampus jamber gais,0
861,padahal mau kesana kyknya nama balik,0
862,pagi bu dengan nama bebek komar sangat bu pesan besok bumenu di pesan apa budiantar mana yanuhun,0
863,nama titip pesan jumat pagi kumpul trus bapa minta ke buat bareng bujuk nama kuliah,0
864,pak kalau porsi berapa,0
865,pak mau sen nasi goreng spesial bungkus graha desila kmr,0
866,pak mau tanya kalau nilai remed lebih kecil ambil nilai nya remed tetap belum nya pak,0
867,pak pake malah bingung pak,0
868,pak indeks nilai b gabisa diturunin pak soal kemaren liat nilai udah b terus tiba turun jadi b penilaianya pake,0
869,pak mk nama kontrak data mining dgn kode ik bukan dwm yg bapak sampai dulu ingat bapak penginputan nilai terimakasih,0
870,pake kamera nama kamera nama sama handy cam prodi,0
871,paket tadi sore dadak habis,0
872,paling ikhlas aja yg mau nyumbang manga yg nga manga gt,0
873,pas ngomong gtu km langsung diem nuy kikuk gtu diomongin kek gtu,0
874,pas sma gak pernah tp kuliah sini org tua aku udah x pulang kampung,0
875,paspor panjang bayar nya brp nuy,0
876,patah hati level tingi jd quotes put,0
877,pakai internet kamu sdh capai batasfupkecepatan disesuaikanlebih eks dgninternetgaul bulan cuma rp htpnetaxisworldcoid info,0
878,pengunan akhir adalah telah penuh pakai pulsa minimum masa aktif kartu panjang lama hari akan aktif,0
879,penuh nama si nama nyari udh penuh,0
880,pergi naik kelapa turun pasar bunga wastukencana terus naik caringin sadang serang jalan,0
881,permintan sedang proses beberapa sat paket internet akan non aktif akan laku tarif dasar internet,0
882,siap dokumen draftnya ambil ruang slide presentasi tuk uji,0
883,usaha apa aja kalau tau,0
884,pesan nama asalamu alaikum wrwb pak indonesia android kejar bekerjasama depilkom mau ada latih android level intermediate slot orang syarat pernah buat ap android ngebuild mengunakan android studio barang kali kelas bapak ada yang minat nuhuno pelatihanya mulai hari sabtu besok april sabtu lama temu tempat lab praktikum,0
885,pesan mohon transfer rp bni acount jun mohon periksa email untuk info lebih lanjut,0
886,pilihanya hemat jt lulus oct kan nangung,0
887,plg yth paket mb hari telah akhir lanjut kena tarif non paketaktifkan paket flash di,0
888,poko kalau yang mau push bilang aja usahain bis bareng push nya terus kalau push pul dulu,0
889,pulang nya jam kecewa,0
890,punten yang punya kontak teh lulu nuhun,0
891,pusat situ dy bandung pasir koja cmn bangun lg bangun jd td aku interview toko nya toko bangun,0
892,nama gedung manungal tridaya pucakti pusenkav teh nyata wkwk,0
893,nama mau hunting kosan bentar gmn mau ngerjain dmn,0
894,rasa mau sidang bulan depan mel jahat pis,0
895,registrasi gagal harap masuk tangal benar format dmy,0
896,route nya matin aja jadi kalau mau akses project masing masing tembak aja,0
897,rumah aku gais lewat pager garasi karna pager orang tutup rumput liar hehehehe,0
898,sat baik cari pasang tuh pas kuliah bukan sih apa enak tempat kerja,0
899,salam jepret karet gelang hihip,0
900,sama ingetin ini kan web nya mau publish kan ikut develop tuh nah web nya nama atau jurus ga,0
901,sama misal web pake dapet komisi tuh nah ciprat ga nanya aja hehe da gapapa meren nanya gitu enga ciprat hapapa senganya web nya,0
902,sama sama pakoh report sendiri ko pak bumiputera ngedit nomer nya pak jadi post,0
903,beri opsi nabung nilai jadi kontrak semester depan nilai masuk semester tsb,0
904,blm dpt td nama paling kalian duluan aja nyusul sendiri,0
905,brsik cuti bati kantor har rabu,0
906,buat banyak seri pg karena jangan terlalu harap lihat punya teman mungkin sebab nilai pg jeblok kemarin waktu batas ruanganya pake yg besar,0
907,ijin undur diri kalau penting manga japri terima kasih midle eastern woman,0
908,keluar kota sd jumat senin tgl pagi aja jam gabung sama gameprog,0
909,minta maf atas apa apa telah buat maf lisan jaga maf atas perilaku kurang baik maf atas segala salah baik yang sadar yang saya sadar,0
910,simpul debat antara yg cupu ilmu nya mungkin pertangungjawaban pasca teliti yg moal pegang rasa sayang ortu kampus yg ken kita lulus cepat,0
911,sedang nungu beliau pakbeliau sdg ngobrol dgn client,0
912,scrol up down olshop nama,0
913,sebenernya nama gada bulan tau aku cuma aku kasih izin aja sama ibu gitu kalau aku lanjut aku bayar jt,0
